<manifest alg="2" build="2015.1.1.343" opt="false" iceEnabled="true" iceMarkupVersion="2" iceEnabledOptions="link,responsive" ftp_hostname="ftp://cloud-linux05.thaidatahosting.com" ftp_rootfolder="//domains/gurock-it.com/public_html/2u" exportTarget="FTP" domain="www.2u.gurock-it.com" resolutions="1x" timestamp="1482675348641">
  <folder name="css">
    <file name="site_global.css" crc="131700929"/>
    <file name="master_a-master.css" crc="473794583" ref="index"/>
    <file name="index.css" crc="237618782" ref="index"/>
  </folder>
  <folder name="scripts">
    <file name="jquery-1.8.3.min.js" crc="484278746" ref="index"/>
    <file name="museutils.js" crc="531812214" ref="index"/>
    <file name="whatinput.js" crc="84559013" ref="index"/>
    <file name="pie.js" crc="3827607177" ref="index"/>
  </folder>
  <folder name="images">
    <file name="a-master-favicon.ico" crc="389396612" ref="index"/>
    <file name="sell1.jpg" crc="133504835" seo="true" ref="index"/>
  </folder>
  <file name="index.html" crc="264089817" seo="true" mt="1482675328939" redirect="true"/>
  <site/>
  <renditions>
    <rendition device="desktop">
      <page name="รับติดตั้งโปรแกรมออนไลน์" filename="index.html" muse_href="page:U93" master="U72">
        <breakpoint uid="U83" maxwidth="970" minwidth="0" squishy="true"/>
      </page>
      <masterPage name="A-Master" master="U62" uid="U72">
        <breakpoint uid="U73" maxwidth="970" minwidth="0" squishy="true"/>
      </masterPage>
      <masterPage name="None" master="null" uid="U62">
        <breakpoint uid="U63" maxwidth="960" minwidth="0" squishy="true"/>
      </masterPage>
    </rendition>
  </renditions>
</manifest>